id,hoehe,geobreite,geolaenge,stationsname,bundesland
00003,202,50.7827, 6.0941,Aachen                              ,Nordrhein-Westfalen   
00044, 44,52.9336, 8.2370,Großenkneten                        ,Niedersachsen         
00052, 46,53.6623,10.1990,Ahrensburg-Wulfsdorf                ,Schleswig-Holstein    
00071,759,48.2156, 8.9784,Albstadt-Badkap                     ,Baden-Württemberg     
00073,374,48.6183,13.0620,Aldersbach-Kramersepp               ,Bayern                
00078, 64,52.4853, 7.9125,Alfhausen                           ,Niedersachsen         
00091,300,50.7446, 9.3450,Alsfeld-Eifa                        ,Hessen                
00096, 50,52.9437,12.8518,Neuruppin-Alt Ruppin                ,Brandenburg           
00102,  0,53.8633, 8.1275,Leuchtturm Alte Weser               ,Niedersachsen         
00106,500,51.7976,10.4429,Altenau                             ,Niedersachsen         
00125,742,47.8342,10.8667,Altenstadt                          ,Bayern                
00131,296,51.0881,12.9326,Geringswalde-Altgeringswalde        ,Sachsen               
00142,511,48.4060,11.3117,Altomünster-Maisbrunn               ,Bayern                
00150,215,49.7273, 8.1164,Alzey                               ,Rheinland-Pfalz       
00151,382,49.4691,11.8546,Amberg-Unterammersricht             ,Bayern                
00154,516,48.0197,12.2925,Amerang-Pfaffing                    ,Bayern                
00161, 75,50.4237, 7.4202,Andernach                           ,Rheinland-Pfalz       
00164, 54,53.0316,13.9908,Angermünde                          ,Brandenburg           
00167, 11,53.8409,13.6854,Anklam                              ,Mecklenburg-Vorpommern
00175,413,49.2964,10.5751,Ansbach                             ,Bayern                
00181, 30,52.8761,11.5042,Arendsee                            ,Sachsen-Anhalt        
00183, 42,54.6791,13.4344,Arkona                              ,Mecklenburg-Vorpommern
00191,217,49.9694, 9.9114,Arnstein-Müdesheim                  ,Bayern                
00198,164,51.3744,11.2920,Artern                              ,Thüringen             
00217,670,47.8774,11.3643,Attenkam                            ,Bayern                
00222,393,50.5908,12.7139,Aue                                 ,Sachsen               
00232,462,48.4253,10.9417,Augsburg                            ,Bayern                
00257,240,48.7270, 8.2457,Baden-Baden-Geroldsau               ,Baden-Württemberg     
00259,275,47.8064, 7.6387,Müllheim                            ,Baden-Württemberg     
00268,622,48.5293, 8.2727,Baiersbronn-Obertal                 ,Baden-Württemberg     
00282,240,49.8743,10.9206,Bamberg                             ,Bayern                
00284,282,49.8800,10.8800,Bamberg (Sternwarte)                ,Bayern                
00294,110,52.3199, 9.4300,Barsinghausen-Hohenbostel           ,Niedersachsen         
00298,  3,54.3405,12.7108,Barth                               ,Mecklenburg-Vorpommern
00303, 55,52.0613,13.4997,Baruth                              ,Brandenburg           
00314,234,51.1604,14.5042,"Kubschütz, Kr. Bautzen              ",Sachsen               
00320,350,49.9666,11.5198,Heinersreuth-Vollhof                ,Bayern                
00326,120,51.7204, 8.0577,Beckum-Unterberg                    ,Nordrhein-Westfalen   
00330,455,49.5617, 8.9673,Oberzent-Beerfelden                 ,Hessen                
00342,103,52.3170, 8.1694,Belm                                ,Niedersachsen         
00348,127,50.4135, 7.5886,Bendorf                             ,Rheinland-Pfalz       
00350,540,51.6715,10.7268,Benneckenstein                      ,Sachsen-Anhalt        
00361,550,47.6344,13.0109,Berchtesgaden (KKst)                ,Bayern                
00368, 69,52.8152, 9.9248,Bergen                              ,Niedersachsen         
00377,210,49.1070, 7.9967,"Bergzabern, Bad                     ",Rheinland-Pfalz       
00379,304,50.9075,11.2665,"Berka, Bad (Flugplatz)              ",Thüringen             
00390,610,50.9837, 8.3683,"Berleburg, Bad-Stünzel              ",Nordrhein-Westfalen   
00399, 36,52.5198,13.4057,Berlin-Alexanderplatz               ,Berlin                
00400, 60,52.6310,13.5021,Berlin-Buch                         ,Berlin                
00403, 51,52.4537,13.3017,Berlin-Dahlem (FU)                  ,Berlin                
00410, 33,52.4040,13.7309,Berlin-Kaniswall                    ,Berlin                
00420, 61,52.5447,13.5598,Berlin-Marzahn                      ,Berlin                
00424, 36,52.5000,13.4667,Berlin-Ostkreuz                     ,Berlin                
00427, 46,52.3807,13.5306,Berlin Brandenburg                  ,Brandenburg           
00430, 36,52.5644,13.3088,Berlin-Tegel                        ,Berlin                
00433, 48,52.4676,13.4020,Berlin-Tempelhof                    ,Berlin                
00445, 85,51.8218,11.7110,Bernburg/Saale (Nord)               ,Sachsen-Anhalt        
00450,120,49.9186, 7.0664,Bernkastel-Kues                     ,Rheinland-Pfalz       
00460,362,49.2641, 6.6868,Berus                               ,Saarland              
00474,599,48.1252, 9.7639,Warthausen-Birkenhard               ,Baden-Württemberg     
00535,417,50.0372, 7.3079,Blankenrath                         ,Rheinland-Pfalz       
00553, 25,51.8380, 6.6107,Bocholt (Marienschule)              ,Nordrhein-Westfalen   
00554, 23,51.8293, 6.5365,Bocholt-Liedern (Wasserwerk)        ,Nordrhein-Westfalen   
00555,110,51.5026, 7.2289,Bochum                              ,Nordrhein-Westfalen   
00591, 45,53.3911,10.6878,Boizenburg                          ,Mecklenburg-Vorpommern
00596, 15,54.0027,11.1908,Boltenhagen                         ,Mecklenburg-Vorpommern
00598, 62,50.7285, 7.0839,Bonn                                ,Nordrhein-Westfalen   
00599, 62,50.7055, 7.1467,Bonn-Friesdorf                      ,Nordrhein-Westfalen   
00603,147,50.7293, 7.2040,Königswinter-Heiderhof              ,Nordrhein-Westfalen   
00617, 47,51.8730, 6.8863,Borken in Westfalen                 ,Nordrhein-Westfalen   
00656,607,51.7234,10.6021,Braunlage                           ,Niedersachsen         
00662, 81,52.2915,10.4464,Braunschweig                        ,Niedersachsen         
00685,585,49.9017, 9.4281,Breitsol                            ,Bayern                
00691,  4,53.0451, 8.7981,Bremen                              ,Bremen                
00701,  7,53.5332, 8.5761,Bremerhaven                         ,Bremen                
00704, 11,53.4451, 9.1390,Bremervörde                         ,Niedersachsen         
00722,135,51.7986,10.6183,Brocken                             ,Sachsen-Anhalt        
00755,340,49.5182, 9.3213,"Buchen, Kr. Neckar-Odenwald         ",Baden-Württemberg     
00757,445,47.9625, 7.9983,Buchenbach                          ,Baden-Württemberg     
00760, 83,53.3629, 9.9435,Rosengarten-Klecken                 ,Niedersachsen         
00766,477,50.1745, 7.0595,Büchel-Alflen                       ,Rheinland-Pfalz       
00769, 68,52.2817, 9.0890,Bückeburg                           ,Niedersachsen         
00817,293,51.0306, 8.8146,Burgwald-Bottendorf                 ,Hessen                
00840,895,50.4313,12.6114,Carlsfeld                           ,Sachsen               
00850, 45,52.5959,10.0296,Celle                               ,Niedersachsen         
00853,416,50.7913,12.8720,Chemnitz                            ,Sachsen               
00856,551,47.8843,12.5404,Chieming                            ,Bayern                
00860, 80,52.2731,10.0163,Algermissen-Groß Lobke              ,Niedersachsen         
00863,585,51.7904,10.3470,Clausthal-Zellerfeld                ,Niedersachsen         
00867,344,50.3066,10.9679,Lautertal-Oberlauter                ,Bayern                
00876,314,51.3040,13.0096,Collmberg                           ,Sachsen               
00879, 68,51.7667,14.2833,Cottbus (Flugplatz)                 ,Brandenburg           
00880, 69,51.7759,14.3168,Cottbus                             ,Brandenburg           
00891,  5,53.8713, 8.7060,Cuxhaven                            ,Niedersachsen         
00896,170,51.0778,10.8619,Dachwig                             ,Thüringen             
00917,162,49.8809, 8.6779,Darmstadt                           ,Hessen                
00919,169,49.8697, 8.6796,Darmstadt-Botanischer Garten        ,Hessen                
00920,108,49.8564, 8.5929,Darmstadt (US-Air-Base)             ,Hessen                
00953,481,49.7619, 7.0542,Deuselbach                          ,Rheinland-Pfalz       
00954,  0,54.1796, 7.4587,UFS Deutsche Bucht                  ,Hamburg               
00963, 38,52.5881, 8.3424,Diepholz                            ,Niedersachsen         
00979,314,50.7364, 8.2672,Dillenburg                          ,Hessen                
00982,420,48.5701,10.4985,Dillingen/Donau                     ,Bayern                
00983,419,48.5562,10.5599,Dillingen/Donau-Fristingen          ,Bayern                
00991,359,50.9116,13.7087,Dippoldiswalde-Reinberg             ,Sachsen               
00998,696,48.7968, 8.4921,Dobel                               ,Baden-Württemberg     
01001, 97,51.6451,13.5747,Doberlug-Kirchhain                  ,Brandenburg           
01048,228,51.1278,13.7543,Dresden-Klotzsche                   ,Sachsen               
01050,112,51.0221,13.8470,Dresden-Hosterwitz                  ,Sachsen               
01051,119,51.0249,13.7750,Dresden-Strehlen                    ,Sachsen               
01052, 80,52.2174,12.1641,Möckern-Drewitz                     ,Sachsen-Anhalt        
01072,107,49.4719, 8.1929,"Dürkheim, Bad                       ",Rheinland-Pfalz       
01076,692,48.0135, 8.5343,"Dürrheim, Bad                       ",Baden-Württemberg     
01078, 37,51.2960, 6.7686,Düsseldorf                          ,Nordrhein-Westfalen   
01103,592,48.1003,11.9872,Ebersberg-Halbing                   ,Bayern                
01107,346,49.8520,10.4991,Ebrach                              ,Bayern                
01130, 18,54.6282, 9.3649,Eggebek                             ,Schleswig-Holstein    
01161,384,48.8777,11.2349,Eichstätt-Landershofen              ,Bayern                
01197,463,48.9895,10.1312,Ellwangen-Rindelbach                ,Baden-Württemberg     
01200,  3,54.0691, 9.0105,Elpersbüttel                        ,Schleswig-Holstein    
01207,558,50.2705,12.2742,"Elster, Bad-Sohl                    ",Sachsen               
01214,431,48.2012, 8.1088,Elzach-Fisnacht                     ,Baden-Württemberg     
01219,  5,53.3449, 7.1909,Emden-Nesserland                    ,Niedersachsen         
01221,  0,53.3707, 7.2236,Emden-Wolthusen                     ,Niedersachsen         
01224,201,48.1378, 7.8351,Emmendingen-Mundingen               ,Baden-Württemberg     
01228,  0,54.1651, 6.3460,UFS TW Ems                          ,Hamburg               
01239,540,47.8516, 8.7673,Engen/Hegau                         ,Baden-Württemberg     
01246,104,51.8418, 8.0607,Ennigerloh-Ostenfelde               ,Nordrhein-Westfalen   
01255,226,49.1661, 8.8483,Eppingen-Elsenz                     ,Baden-Württemberg     
01262,446,48.3477,11.8134,München-Flughafen                   ,Bayern                
01266, 18,54.2992, 9.3162,Erfde                               ,Schleswig-Holstein    
01270,316,50.9829,10.9608,Erfurt-Weimar                       ,Thüringen             
01279,268,49.6497,11.0075,Möhrendorf-Kleinseebach             ,Bayern                
01281,284,49.5653,10.9729,Erlangen-Frauenaurach               ,Bayern                
01297,156,51.2041,10.0138,Eschwege                            ,Hessen                
01300,351,51.2540, 8.1565,Eslohe                              ,Nordrhein-Westfalen   
01303,150,51.4041, 6.9677,Essen-Bredeney                      ,Nordrhein-Westfalen   
01327,147,50.7119, 6.7905,Weilerswist-Lommersum               ,Nordrhein-Westfalen   
01332,471,48.4832,12.7241,"Falkenberg,Kr.Rottal-Inn            ",Bayern                
01339, 76,52.9157,10.1885,Faßberg                             ,Niedersachsen         
01341,  0,54.6000,11.1500,Fehmarnbelt                         ,Schleswig-Holstein    
01346,486,47.8748, 8.0038,Feldberg/Schwarzwald                ,Baden-Württemberg     
01357,655,49.9807,11.8376,Fichtelberg/Oberfranken-Hüttstadl   ,Bayern                
01358,213,50.4283,12.9536,Fichtelberg                         ,Sachsen               
01411,747,50.5309,10.0479,Birx/Rhön                           ,Thüringen             
01420,100,50.0259, 8.5213,Frankfurt/Main                      ,Hessen                
01421,125,50.1474, 8.6746,Frankfurt/Main (Stadt)              ,Hessen                
01424,121,50.1269, 8.6694,Frankfurt/Main-Westend              ,Hessen                
01425,103,50.1214, 8.6604,Frankfurt/Main (Feldbergstr.)       ,Hessen                
01426, 65,52.3397,14.5080,Frankfurt/Oder                      ,Brandenburg           
01443,237,48.0232, 7.8343,Freiburg                            ,Baden-Württemberg     
01451,  2,53.8277, 9.2493,Freiburg/Elbe                       ,Niedersachsen         
01468,797,48.4538, 8.4090,Freudenstadt                        ,Baden-Württemberg     
01473,414,49.1869,11.3080,Freystadt-Michelbach                ,Bayern                
01490,394,47.6454, 9.4795,Friedrichshafen                     ,Baden-Württemberg     
01503,  6,53.0643, 7.9020,Friesoythe-Altenoythe               ,Niedersachsen         
01504,172,51.1190, 9.2799,Fritzlar/Eder                       ,Hessen                
01515,519,48.2000,11.2667,Fürstenfeldbruck                    ,Bayern                
01526,242,50.5668, 9.6532,Fulda-Horas                         ,Hessen                
01544, 47,52.5129,11.3942,Gardelegen                          ,Sachsen-Anhalt        
01550,719,47.4830,11.0621,Garmisch-Partenkirchen              ,Bayern                
01572, 80,50.9593, 6.0392,Geilenkirchen-Neutevern             ,Nordrhein-Westfalen   
01580,111,49.9859, 7.9548,Geisenheim                          ,Hessen                
01583,823,50.7719,13.7732,Geisingberg                         ,Sachsen               
01584,673,47.9242, 8.6474,Geisingen                           ,Baden-Württemberg     
01587,536,48.9481,11.4289,Gelbelsee                           ,Bayern                
01590, 37,51.4942, 6.2463,Geldern-Walbeck                     ,Nordrhein-Westfalen   
01602,177,48.4330, 7.9930,Ohlsbach                            ,Baden-Württemberg     
01605, 35,52.3875,12.1602,Genthin                             ,Sachsen-Anhalt        
01612,311,50.8812,12.1289,Gera-Leumnitz                       ,Thüringen             
01639,203,50.6017, 8.6439,Gießen/Wettenberg                   ,Hessen                
01645,340,50.9656, 9.0500,Gilserberg-Moischeid                ,Hessen                
01666, 12,54.8273, 9.5058,Glücksburg-Meierwik                 ,Schleswig-Holstein    
01684,239,51.1621,14.9506,Görlitz                             ,Sachsen               
01691,167,51.5002, 9.9507,Göttingen                           ,Niedersachsen         
01694, 59,53.6058,12.1034,Goldberg                            ,Mecklenburg-Vorpommern
01721,506,49.6640,11.2239,Gräfenberg-Kasberg                  ,Bayern                
01735,628,48.7894,13.6290,Grainet-Rehberg                     ,Bayern                
01736, 26,53.5731,10.6797,Grambek                             ,Schleswig-Holstein    
01757,  2,54.0967,13.4056,Greifswald                          ,Mecklenburg-Vorpommern
01758,  2,54.1000,13.4500,Greifswald-Wieck                    ,Mecklenburg-Vorpommern
01759, 12,54.2437,13.9102,Greifswalder Oie                    ,Mecklenburg-Vorpommern
01766, 48,52.1344, 7.6969,Münster/Osnabrück                   ,Nordrhein-Westfalen   
01792, 27,52.7553, 7.4815,Groß Berßen                         ,Niedersachsen         
01803, 35,54.0714,12.3238,Groß Lüsewitz                       ,Mecklenburg-Vorpommern
01832,436,49.1129,13.1338,Großer Arber                        ,Bayern                
01833,307,49.0851,13.2801,Grosser Falkenstein                 ,Bayern                
01834,913,50.8519,10.4665,Grosser Inselsberg                  ,Thüringen             
01863,258,50.2667, 9.1854,Gründau-Breitenborn                 ,Hessen                
01869, 56,53.3154,13.9339,Grünow                              ,Brandenburg           
01886,444,48.4878,10.2608,Günzburg                            ,Bayern                
01892, 72,51.9298, 8.3005,Gütersloh (Flugplatz)               ,Nordrhein-Westfalen   
01902,413,49.1273,10.7448,Gunzenhausen/Altmühlsee             ,Bayern                
01957, 93,51.5138,11.9499,Halle-Kröllwitz                     ,Sachsen-Anhalt        
01960,102,51.4831,11.9671,Halle (Stadt)                       ,Sachsen-Anhalt        
01964,328,49.9445, 6.3821,Olsdorf                             ,Rheinland-Pfalz       
01975, 11,53.6332, 9.9881,Hamburg-Fuhlsbüttel                 ,Hamburg               
01981,  4,53.4776, 9.8957,Hamburg-Neuwiedenthal               ,Hamburg               
02014, 55,52.4644, 9.6779,Hannover                            ,Niedersachsen         
02023,501,48.7918,10.7062,Harburg                             ,Bayern                
02039,203,51.9002,10.5699,"Harzburg, Bad                       ",Niedersachsen         
02044,404,51.6520,11.1366,Harzgerode                          ,Sachsen-Anhalt        
02074,518,48.3752, 8.9800,Hechingen                           ,Baden-Württemberg     
02080,110,49.4206, 8.6676,Heidelberg                          ,Baden-Württemberg     
02081,561,49.3981, 8.7251,Königstuhl                          ,Baden-Württemberg     
02088,522,48.6849,10.1420,Heidenheim/Brenz                    ,Baden-Württemberg     
02110, 57,51.0411, 6.1042,Heinsberg-Schleiden                 ,Nordrhein-Westfalen   
02115,  4,54.1750, 7.8920,Helgoland                           ,Schleswig-Holstein    
02158,350,48.8042, 8.4430,"Herrenalb, Bad                      ",Baden-Württemberg     
02166,344,51.0167,14.7500,Herrnhut                            ,Sachsen               
02167,302,49.7672, 7.3356,Niederwörresbach                    ,Rheinland-Pfalz       
02171,272,50.8520, 9.7377,"Hersfeld, Bad                       ",Hessen                
02174,236,51.6255,10.3695,Herzberg                            ,Niedersachsen         
02201,  1,54.5750,13.1044,Hiddensee-Vitte                     ,Mecklenburg-Vorpommern
02211,295,50.7370, 7.6525,Hilgenroth                          ,Rheinland-Pfalz       
02244,008,47.7327, 8.1627,Höchenschwand                       ,Baden-Württemberg     
02252,271,50.8992,14.7456,Bertsdorf-Hörnitz                   ,Sachsen               
02261,565,50.3123,11.8760,Hof                                 ,Bayern                
02290,977,47.8009,11.0108,Hohenpeißenberg                     ,Bayern                
02303, 10,54.3162, 9.5385,Hohn                                ,Schleswig-Holstein    
02306,  8,54.3194,10.6732,Hohwacht                            ,Schleswig-Holstein    
02315, 80,51.7657,13.1666,Holzdorf-Bernsdorf                  ,Brandenburg           
02319,685,47.8823,11.6961,Holzkirchen                         ,Bayern                
02323,110,51.8529, 9.4953,"Bevern, Kr. Holzminden              ",Niedersachsen         
02338, 39,52.3333, 7.5500,Hopsten (Flugplatz)                 ,Nordrhein-Westfalen   
02362,328,50.5651, 7.4843,Hümmerich                           ,Rheinland-Pfalz       
02374,  3,54.4752, 9.0564,Husum                               ,Schleswig-Holstein    
02385,376,49.6927, 7.3263,Idar-Oberstein                      ,Rheinland-Pfalz       
02410,364,48.7111,11.5363,Ingolstadt-Manching                 ,Bayern                
02423,712,47.6894,10.0416,Isny                                ,Baden-Württemberg     
02429, 20,53.9897, 9.5697,Itzehoe                             ,Schleswig-Holstein    
02437, 21,54.4570, 9.5203,Schleswig-Jagel                     ,Schleswig-Holstein    
02444,155,50.9251,11.5830,Jena (Sternwarte)                   ,Thüringen             
02456,  7,53.5322, 7.8806,Jever                               ,Niedersachsen         
02477,728,47.5938, 7.9597,Jungholz (Kühmoos)                  ,Baden-Württemberg     
02480,108,50.0643, 8.9930,Kahl/Main                           ,Bayern                
02483,839,51.1803, 8.4891,Kahler Asten                        ,Nordrhein-Westfalen   
02485,489,48.9170, 9.6871,Kaisersbach-Cronhütte               ,Baden-Württemberg     
02486,271,49.4262, 7.7557,Kaiserslautern                      ,Rheinland-Pfalz       
02488,516,48.7701,10.7876,Kaisheim-Neuhof                     ,Bayern                
02494, 31,51.7329, 6.2688,Kalkar                              ,Nordrhein-Westfalen   
02497,505,50.5014, 6.5264,Kall-Sistig                         ,Nordrhein-Westfalen   
02503,487,50.6266,10.1455,Kaltennordheim                      ,Thüringen             
02521,374,48.6765,11.2961,Karlshuld                           ,Bayern                
02522,112,49.0382, 8.3641,Karlsruhe                           ,Baden-Württemberg     
02532,231,51.2963, 9.4424,Kassel                              ,Hessen                
02542,716,47.8652,10.6007,Kaufbeuren                          ,Bayern                
02559,705,47.7233,10.3348,Kempten                             ,Bayern                
02564, 28,54.3776,10.1424,Kiel-Holtenau                       ,Schleswig-Holstein    
02565, 17,54.3378,10.0929,Kiel-Kronshagen                     ,Schleswig-Holstein    
02575,432,49.1804, 9.9800,Kirchberg/Jagst-Herboldshausen      ,Baden-Württemberg     
02578, 14,53.9995,11.4341,Kirchdorf/Poel                      ,Mecklenburg-Vorpommern
02597,282,50.2240,10.0792,"Kissingen, Bad                      ",Bayern                
02600,193,49.7363,10.1781,Kitzingen                           ,Bayern                
02601,822,50.2218, 8.4469,Kleiner Feldberg/Taunus             ,Hessen                
02618,732,50.8458,10.4803,Kleiner Inselsberg                  ,Thüringen             
02627,128,51.5554,13.8845,Schipkau-Klettwitz                  ,Brandenburg           
02629, 46,51.7612, 6.0954,Kleve                               ,Nordrhein-Westfalen   
02638,974,48.1054, 8.7548,Klippeneck                          ,Baden-Württemberg     
02641, 90,51.5185,12.9065,Klitzschen bei Torgau               ,Sachsen               
02656, 96,50.3519, 7.5906,Koblenz                             ,Rheinland-Pfalz       
02667, 91,50.8645, 7.1575,Köln/Bonn                           ,Nordrhein-Westfalen   
02680,289,50.2840,10.4456,"Königshofen, Bad                    ",Bayern                
02691,378,48.6707,11.2173,Königsmoos-Untermaxfeld             ,Bayern                
02693,380,50.1855, 8.4698,Königstein/Taunus                   ,Hessen                
02700,416,48.8302,11.4872,Kösching                            ,Bayern                
02704, 76,51.7511,12.0094,Köthen (Anhalt)                     ,Sachsen-Anhalt        
02708,742,47.6652,11.0805,"Kohlgrub, Bad (Rosshof)             ",Bayern                
02712,428,47.6952, 9.1307,Konstanz                            ,Baden-Württemberg     
02738,776,47.6448,11.7438,Kreuth                              ,Bayern                
02750,310,50.2524,11.3209,Kronach                             ,Bayern                
02761,520,48.2510,10.4163,Krumbach-Edenhausen                 ,Bayern                
02773,415,49.4283,11.9016,Kümmersbruck                        ,Bayern                
02794, 40,52.9362,12.4093,Kyritz                              ,Brandenburg           
02796, 41,53.9156,12.2790,Laage-Kronskamp                     ,Mecklenburg-Vorpommern
02812,156,48.3647, 7.8280,Lahr                                ,Baden-Württemberg     
02814,687,48.5122, 9.7644,Merklingen                          ,Baden-Württemberg     
02829,617,48.0772,10.9144,Landsberg (Flugplatz)               ,Bayern                
02856, 91,51.9173,13.0878,Langenlipsdorf                      ,Brandenburg           
02878,117,51.3909,11.8786,"Lauchstädt, Bad                     ",Sachsen-Anhalt        
02886,539,48.2175, 9.9097,Laupheim                            ,Baden-Württemberg     
02905,550,48.1849,10.8507,Lechfeld                            ,Bayern                
02907,  7,54.7903, 8.9514,Leck                                ,Schleswig-Holstein    
02920,365,48.7654,12.5121,Leiblfing                           ,Bayern                
02925,356,51.3932,10.3123,Leinefelde                          ,Thüringen             
02928,138,51.3151,12.4462,Leipzig-Holzhausen                  ,Sachsen               
02932,131,51.4347,12.2396,Leipzig/Halle                       ,Sachsen               
02947,286,51.1333, 8.0348,Lennestadt-Theten                   ,Nordrhein-Westfalen   
02951, 20,53.1007,11.4864,Lenzen/Elbe                         ,Brandenburg           
02953,854,47.8597, 8.2308,Lenzkirch-Ruhbühl                   ,Baden-Württemberg     
02961,  0,54.4996,10.2737,Leuchtturm Kiel                     ,Schleswig-Holstein    
02968, 43,50.9894, 6.9777,Köln-Stammheim                      ,Nordrhein-Westfalen   
02985,321,50.9383,14.2094,Lichtenhain-Mittelndorf             ,Sachsen               
03015, 98,52.2085,14.1180,Lindenberg                          ,Brandenburg           
03023, 22,52.5181, 7.3081,Lingen                              ,Niedersachsen         
03028,157,51.7854, 8.8388,"Lippspringe, Bad                    ",Nordrhein-Westfalen   
03031, 92,51.6336, 8.3945,Lippstadt-Bökenförde                ,Nordrhein-Westfalen   
03032, 25,55.0110, 8.4125,List auf Sylt                       ,Schleswig-Holstein    
03034,496,50.4505,11.6350,"Lobenstein, Bad                     ",Thüringen             
03042,230,50.5617, 8.2386,Löhnberg-Obershausen                ,Hessen                
03044, 22,52.7198, 7.7472,Löningen                            ,Niedersachsen         
03083, 57,51.9267,13.8797,Lübben-Blumenfelde                  ,Brandenburg           
03085, 15,53.8773,10.6915,Lübeck                              ,Schleswig-Holstein    
03086, 15,53.8025,10.6989,Lübeck-Blankensee                   ,Schleswig-Holstein    
03093, 16,52.9724,11.1374,Lüchow                              ,Niedersachsen         
03098,387,51.2452, 7.6425,Lüdenscheid                         ,Nordrhein-Westfalen   
03126, 79,52.1029,11.5827,Magdeburg                           ,Sachsen-Anhalt        
03137,195,49.9656, 8.2139,Mainz-Lerchenberg (ZDF)             ,Rheinland-Pfalz       
03139,509,48.2166,11.2965,Maisach-Gernlinden                  ,Bayern                
03145, 30,54.1800,10.5528,"Malente, Bad-Gremsmühlen            ",Schleswig-Holstein    
03147,390,48.7548,12.2118,Mallersdorf-Pfaffenberg-Oberlindhart,Bayern                
03155,413,50.1015, 6.8009,Manderscheid-Sonnenhof              ,Rheinland-Pfalz       
03158, 12,52.5468,14.5453,Manschnow                           ,Brandenburg           
03164,187,50.8492, 8.7745,"Cölbe, Kr. Marburg-Biedenkopf       ",Hessen                
03166,639,50.6511,13.1469,Marienberg                          ,Sachsen               
03167,547,50.6621, 7.9603,"Marienberg, Bad                     ",Rheinland-Pfalz       
03170,  9,54.4937,11.2411,Marienleuchte                       ,Schleswig-Holstein    
03181,360,49.4875,10.6277,Markt Erlbach-Hagenhofen            ,Bayern                
03196, 81,53.3222,11.9321,Marnitz                             ,Mecklenburg-Vorpommern
03204,429,50.7335,10.8815,Martinroda                          ,Thüringen             
03226,107,51.7259,11.5109,Aschersleben-Mehringen              ,Sachsen-Anhalt        
03231,450,50.5611,10.3771,Meiningen                           ,Thüringen             
03234,158,51.1294,13.4328,Klipphausen-Garsebach               ,Sachsen               
03244,614,47.9821,10.1384,Memmingen                           ,Bayern                
03245,630,47.9833,10.2333,Memmingen (Flugplatz)               ,Bayern                
03246,181,50.3667, 7.3167,Mendig                              ,Rheinland-Pfalz       
03254, 19,52.7155, 7.3176,Meppen                              ,Niedersachsen         
03257,278,49.4797, 9.7832,"Mergentheim, Bad                    ",Baden-Württemberg     
03268,900,48.1694, 8.9433,Meßstetten-Appental                 ,Baden-Württemberg     
03271,314,48.8548,12.9189,Metten                              ,Bayern                
03274,415,49.5070, 6.5215,Mettlach-Orscholz (Kurort)          ,Saarland              
03278,354,48.5377, 9.2734,Metzingen                           ,Baden-Württemberg     
03284,240,49.6692, 9.0085,Michelstadt                         ,Hessen                
03287,453,49.7177, 9.0997,Michelstadt-Vielbrunn               ,Hessen                
03289,356,50.7281,11.7838,Schmieritz-Weltwitz                 ,Thüringen             
03307,984,47.4779,11.2653,Mittenwald-Buckelwiesen             ,Bayern                
03319,239,49.7644, 9.2530,Röllbach                            ,Bayern                
03321, 76,51.1313, 6.3608,Mönchengladbach-Hilderath           ,Nordrhein-Westfalen   
03340,265,50.4383, 7.8061,Montabaur                           ,Rheinland-Pfalz       
03348,241,51.7209, 9.8351,Moringen-Lutterbeck                 ,Niedersachsen         
03362,243,48.9721, 8.8735,Mühlacker                           ,Baden-Württemberg     
03366,406,48.2790,12.5024,Mühldorf                            ,Bayern                
03376, 63,52.5176,14.1232,Müncheberg                          ,Brandenburg           
03379,515,48.1632,11.5429,München-Stadt                       ,Bayern                
03382,521,48.1441,11.6000,München-Bogenhausen                 ,Bayern                
03385,515,48.1660,11.5011,München-Nymphenburg                 ,Bayern                
03390,529,48.1369,11.7094,München-Riem                        ,Bayern                
03402,755,48.3851, 9.4837,Münsingen-Apfelstetten              ,Baden-Württemberg     
03404, 62,51.9494, 7.5906,Münster                             ,Nordrhein-Westfalen   
03426,127,51.5660,14.7008,"Muskau, Bad                         ",Sachsen               
03442,149,50.3574, 8.7506,"Nauheim, Bad                        ",Hessen                
03478, 81,53.5468,13.1914,Neubrandenburg                      ,Mecklenburg-Vorpommern
03484,380,48.7085,11.2147,Neuburg an der Donau                ,Bayern                
03485,486,48.3115,10.3773,Neuburg/Kammel-Langenhaslach        ,Bayern                
03490,111,50.5346, 7.0853,"Neuenahr, Bad-Ahrweiler             ",Rheinland-Pfalz       
03509, 78,53.1020,13.0421,Stechlin-Menz                       ,Brandenburg           
03513,845,50.5003,11.1345,Neuhaus am Rennweg                  ,Thüringen             
03527,500,50.8923, 9.4050,Neukirchen-Hauptschwenda            ,Hessen                
03540,195,50.8446, 7.3720,Neunkirchen-Seelscheid-Krawinkel    ,Nordrhein-Westfalen   
03545,236,49.3440, 7.2297,Neunkirchen-Wellesweiler            ,Saarland              
03552, 38,52.9037,12.8071,Neuruppin                           ,Brandenburg           
03571,452,49.8174,11.8638,Neustadt am Kulm-Filchendorf        ,Bayern                
03575,163,49.3570, 8.1405,Neustadt/Weinstraße                 ,Rheinland-Pfalz       
03577, 64,53.3585,13.0502,Neustrelitz                         ,Mecklenburg-Vorpommern
03591,350,50.6743, 6.4240,Nideggen-Schmidt                    ,Nordrhein-Westfalen   
03603,459,49.3895, 9.9666,Niederstetten                       ,Baden-Württemberg     
03605,451,48.5334,10.2427,Niederstotzingen                    ,Baden-Württemberg     
03612, 25,52.6711, 9.2229,Nienburg                            ,Niedersachsen         
03621,435,48.8253,10.5067,Reimlingen                          ,Bayern                
03623,110,50.8294, 6.6601,Nörvenich-Niederbolheim             ,Nordrhein-Westfalen   
03631, 12,53.7123, 7.1519,Norderney                           ,Niedersachsen         
03639, 26,53.7647, 8.6584,Nordholz-Wanhöden                   ,Niedersachsen         
03659,627,50.3391, 6.9501,Nürburg                             ,Rheinland-Pfalz       
03660,485,50.3602, 6.8697,Nürburg-Barweiler                   ,Rheinland-Pfalz       
03667,369,49.4258,11.2539,Nürnberg-Netzstall                  ,Bayern                
03668,314,49.5030,11.0549,Nürnberg                            ,Bayern                
03671,280,48.6321, 9.3261,Nürtingen                           ,Baden-Württemberg     
03679,518,47.6187,12.1665,Kiefersfelden-Gach                  ,Bayern                
03702,515,47.8780, 7.8288,Münstertal-Obermünstertal           ,Baden-Württemberg     
03730,806,47.3984,10.2759,Oberstdorf                          ,Bayern                
03734,232,49.1280, 9.3525,Obersulm-Willsbach                  ,Baden-Württemberg     
03739,596,49.4521,12.4365,Oberviechtach                       ,Bayern                
03761,276,49.2070, 9.5176,Öhringen                            ,Baden-Württemberg     
03791, 11,53.1763, 8.1824,Oldenburg                           ,Niedersachsen         
03811,150,51.2960,13.0928,Oschatz                             ,Sachsen               
03815, 95,52.2553, 8.0534,Osnabrück                           ,Niedersachsen         
03821,244,51.0872,11.9293,Osterfeld                           ,Sachsen-Anhalt        
03836,314,50.4538,10.2211,Ostheim v.d. Rhön                   ,Bayern                
03857,886,47.6362,10.3892,Oy-Mittelberg-Petersthal            ,Bayern                
03875,549,49.1510,11.6896,Parsberg/Oberpfalz-Eglwang          ,Bayern                
03879,409,48.5779,13.4694,Passau-Oberhaus                     ,Bayern                
03897,  2,54.0893,10.8773,Pelzerhaken                         ,Schleswig-Holstein    
03904,152,49.5354, 6.3789,Perl-Nennig                         ,Saarland              
03925,332,48.9329, 8.6973,Pforzheim-Ispringen                 ,Baden-Württemberg     
03927,630,47.9345, 9.2869,Pfullendorf                         ,Baden-Württemberg     
03939,385,49.1912, 7.5879,Pirmasens                           ,Rheinland-Pfalz       
03946,387,50.4818,12.1300,Plauen                              ,Sachsen               
03975,522,49.4777,11.5357,Pommelsbrunn-Mittelburg             ,Bayern                
03987, 81,52.3812,13.0622,Potsdam                             ,Brandenburg           
04018,550,48.1877,11.2206,Puch                                ,Bayern                
04024, 40,54.3643,13.4771,Putbus                              ,Mecklenburg-Vorpommern
04032,142,51.7953,11.1320,Quedlinburg                         ,Sachsen-Anhalt        
04036,204,51.3895,11.5412,Querfurt-Mühle Lodersleben          ,Sachsen-Anhalt        
04039, 11,53.7331, 9.8776,Quickborn                           ,Schleswig-Holstein    
04063, 41,52.4461, 8.5906,Rahden-Kleinendorf                  ,Nordrhein-Westfalen   
04094,441,47.8062, 9.6206,"Weingarten, Kr. Ravensburg          ",Baden-Württemberg     
04104,365,49.0425,12.1019,Regensburg                          ,Bayern                
04127,347,50.9906, 7.6958,Reichshof-Eckenhagen                ,Nordrhein-Westfalen   
04154,345,51.1800, 7.2505,Remscheid-Lennep                    ,Nordrhein-Westfalen   
04160,478,48.7425, 8.9240,Renningen-Ihinger Hof               ,Baden-Württemberg     
04169,131,48.6703, 7.9939,Rheinau-Memprechtshofen             ,Baden-Württemberg     
04174, 40,52.2887, 7.3866,Rheine-Bentlage                     ,Nordrhein-Westfalen   
04175,283,47.5590, 7.7721,Rheinfelden                         ,Baden-Württemberg     
04177,116,48.9726, 8.3301,Rheinstetten                        ,Baden-Württemberg     
04189,534,48.1479, 9.4596,"Altheim, Kreis Biberach             ",Baden-Württemberg     
04261,442,47.8753,12.1280,Rosenheim                           ,Bayern                
04271,  5,54.1803,12.0808,Rostock-Warnemünde                  ,Mecklenburg-Vorpommern
04275, 32,53.1289, 9.3398,Rotenburg (Wümme)                   ,Niedersachsen         
04280,386,49.2162,11.1035,Roth                                ,Bayern                
04287,415,49.3849,10.1732,Rothenburg ob der Tauber            ,Bayern                
04294,360,48.4704, 8.9687,Rottenburg-Kiebingen                ,Baden-Württemberg     
04300,589,48.1815, 8.6356,Rottweil                            ,Baden-Württemberg     
04301,102,49.8502, 7.8710,"Kreuznach, Bad                      ",Rheinland-Pfalz       
04323,461,49.6468, 7.8837,Ruppertsecken                       ,Rheinland-Pfalz       
04336,319,49.2128, 7.1077,Saarbrücken-Ensheim                 ,Saarland              
04339,193,49.2231, 7.0168,Saarbrücken-Sankt Johann            ,Saarland              
04347,293,51.5909,10.5691,"Sachsa, Bad                         ",Niedersachsen         
04349,251,48.9569, 9.0711,Sachsenheim                         ,Baden-Württemberg     
04350,339,47.5619, 7.9399,"Säckingen, Bad (Bergseestr.)        ",Baden-Württemberg     
04354,457,48.7832,13.3146,Saldenburg-Entschenreuth            ,Bayern                
04371,135,52.1042, 8.7521,"Salzuflen, Bad                      ",Nordrhein-Westfalen   
04373, 29,52.8568,11.1319,Salzwedel                           ,Sachsen-Anhalt        
04377,518,50.3518,10.0034,Sandberg                            ,Bayern                
04393,  5,54.3279, 8.6031,Sankt Peter-Ording                  ,Schleswig-Holstein    
04411,155,49.9195, 8.9672,Schaafheim-Schlierbach              ,Hessen                
04445,609,51.7658,10.6533,Wernigerode-Schierke                ,Sachsen-Anhalt        
04464,501,50.5679,11.8041,Schleiz                             ,Thüringen             
04466, 43,54.5275, 9.5487,Schleswig                           ,Schleswig-Holstein    
04477,993,47.8208, 8.1860,Schluchsee                          ,Baden-Württemberg     
04480,230,50.3447, 9.5533,Schlüchtern-Herolz                  ,Hessen                
04485,296,50.7250,10.4539,"Schmalkalden, Kurort                ",Thüringen             
04501,938,50.6545,10.7696,Schmücke                            ,Thüringen             
04508,649,50.2968, 6.4194,Schneifelforsthaus                  ,Rheinland-Pfalz       
04517,635,48.7859, 8.6451,"Schömberg, Kr. Calw                 ",Baden-Württemberg     
04548,608,50.1847,12.0791,Schönwald/Ofr.-Brunn                ,Bayern                
04559,398,49.1644,12.6175,Schorndorf-Knöbling                 ,Bayern                
04560,265,50.4925, 9.1226,Schotten                            ,Hessen                
04584,444,48.3667,11.8000,Schwaigermoos                       ,Bayern                
04592,356,49.3278,12.0871,Schwandorf                          ,Bayern                
04605,277,50.6441,11.1936,Schwarzburg                         ,Thüringen             
04625, 59,53.6424,11.3871,Schwerin                            ,Mecklenburg-Vorpommern
04629, 37,54.5166, 9.1420,Schwesing                           ,Schleswig-Holstein    
04642, 21,52.8911,11.7297,Seehausen                           ,Sachsen-Anhalt        
04651,189,51.9040,10.1885,Seesen                              ,Niedersachsen         
04665,431,49.5281, 7.0417,Selbach (Tholey)                    ,Saarland              
04692,229,50.8534, 7.9966,Siegen (Kläranlage)                 ,Nordrhein-Westfalen   
04702,645,48.1000, 9.2500,Sigmaringen (Flugplatz)             ,Baden-Württemberg     
04703,581,48.0719, 9.1943,Sigmaringen-Laiz                    ,Baden-Württemberg     
04704,508,47.5776, 9.7404,Sigmarszell-Zeisertsweiler          ,Bayern                
04706,358,48.2718,13.0273,Simbach/Inn                         ,Bayern                
04709,445,49.9996, 7.5981,Simmern-Wahlbach                    ,Rheinland-Pfalz       
04719,169,49.2447, 8.8787,Sinsheim                            ,Baden-Württemberg     
04745, 75,52.9604, 9.7930,Soltau                              ,Niedersachsen         
04748,185,51.3691,10.8800,Sondershausen                       ,Thüringen             
04752,626,50.3746,11.1828,Sonneberg-Neufang                   ,Thüringen             
04763,265,51.0607, 9.9266,Sontra                              ,Hessen                
04813,318,50.0806,11.0467,"Staffelstein, Bad-Stublang          ",Bayern                
04841, -0,53.6946, 8.8735,"Steinau, Kr. Cuxhaven               ",Niedersachsen         
04857,  2,53.5534, 9.6097,Mittelnkirchen-Hohenfelde           ,Niedersachsen         
04878,504,51.6646,10.8811,Oberharz am Brocken-Stiege          ,Sachsen-Anhalt        
04887,734,48.6656, 9.8648,Stötten                             ,Baden-Württemberg     
04896, 40,54.6654, 9.8050,Wagersrott                          ,Schleswig-Holstein    
04911,351,48.8275,12.5597,Straubing                           ,Bayern                
04926,224,48.7896, 9.2167,Stuttgart (Neckartal)               ,Baden-Württemberg     
04927,286,48.7693, 9.1814,Stuttgart-Stadt                     ,Baden-Württemberg     
04928,314,48.8281, 9.2000,Stuttgart (Schnarrenberg)           ,Baden-Württemberg     
04931,371,48.6883, 9.2235,Stuttgart-Echterdingen              ,Baden-Württemberg     
04933,401,48.7091, 9.2147,Stuttgart-Hohenheim                 ,Baden-Württemberg     
04978,395,50.6390,10.0228,Tann/Rhön                           ,Hessen                
04997,196,50.9771,12.3419,Starkenberg-Tegkwitz                ,Thüringen             
05009, 33,53.7610,12.5574,Teterow                             ,Mecklenburg-Vorpommern
05014,  7,53.2758, 8.9857,Worpswede-Hüttenbusch               ,Niedersachsen         
05017,633,50.4002,11.3888,Teuschnitz                          ,Bayern                
05029,387,49.4737, 7.0385,Tholey                              ,Saarland              
05046,501,49.8576,12.3542,Tirschenreuth-Lodermühl             ,Bayern                
05049,846,47.8991, 8.1460,Titisee-Neustadt-Titisee            ,Baden-Württemberg     
05064, 37,51.2897, 6.4437,Tönisvorst                          ,Nordrhein-Westfalen   
05068, 80,51.5833,13.0000,Torgau                              ,Sachsen               
05097, 10,54.0654,12.7655,Tribsees                            ,Mecklenburg-Vorpommern
05099,132,49.7326, 6.6131,Trier-Zewen                         ,Rheinland-Pfalz       
05100,261,49.7479, 6.6583,Trier-Petrisberg                    ,Rheinland-Pfalz       
05109, 68,53.5998,13.3039,Trollenhagen                        ,Mecklenburg-Vorpommern
05111,560,48.0311,12.5396,Trostberg                           ,Bayern                
05133,295,51.3344, 8.9132,Twistetal-Mühlhausen                ,Hessen                
05142,  1,53.7445,14.0698,Ueckermünde                         ,Mecklenburg-Vorpommern
05146, 50,52.9414,10.5289,Uelzen                              ,Niedersachsen         
05149,318,49.5679,10.1969,Gollhofen                           ,Bayern                
05155,567,48.3837, 9.9524,Ulm                                 ,Baden-Württemberg     
05158,159,52.1601,11.1759,Ummendorf                           ,Sachsen-Anhalt        
05229,719,48.0453, 8.4608,Villingen-Schwenningen              ,Baden-Württemberg     
05275,105,49.2445, 8.5374,Waghäusel-Kirrlach                  ,Baden-Württemberg     
05277,349,50.8119, 9.1280,Wahlen                              ,Hessen                
05279,176,51.6194, 9.5749,Wesertal-Lippoldsberg               ,Hessen                
05280, 33,53.9224,10.2267,Wittenborn                          ,Schleswig-Holstein    
05282,246,51.1197,13.6744,Wahnsdorf bei Dresden               ,Sachsen               
05300,380,50.2596, 8.3607,Waldems-Reinborn                    ,Hessen                
05335,352,50.8963,10.5483,Waltershausen                       ,Thüringen             
05347,236,51.5039, 9.1118,Warburg                             ,Nordrhein-Westfalen   
05349, 73,53.5196,12.6654,Waren (Müritz)                      ,Mecklenburg-Vorpommern
05371,920,50.4973, 9.9427,Wasserkuppe                         ,Hessen                
05397,440,49.6662,12.1844,Weiden                              ,Bayern                
05404,477,48.4024,11.6946,Weihenstephan-Dürnast               ,Bayern                
05419,264,50.9751,11.3076,Weimar                              ,Thüringen             
05424,328,51.0177,11.3544,Weimar-Schöndorf                    ,Thüringen             
05426,553,49.3758, 8.1212,Weinbiet                            ,Rheinland-Pfalz       
05431, 24,53.0333,11.8000,Weisen bei Wittenberge              ,Sachsen-Anhalt        
05433,380,49.5534, 6.8120,Weiskirchen/Saar                    ,Saarland              
05440,439,49.0115,10.9308,Weißenburg-Emetzheim                ,Bayern                
05467,832,47.7035,12.0119,Wendelstein                         ,Bayern                
05480, 85,51.5763, 7.8879,Werl                                ,Nordrhein-Westfalen   
05490,233,51.8454,10.7686,Wernigerode                         ,Sachsen-Anhalt        
05516,  3,54.5283,11.0606,Fehmarn                             ,Schleswig-Holstein    
05538,551,47.8827,11.1576,Wielenbach (Demollstr.)             ,Bayern                
05541,263,50.1321, 8.3169,Wiesbaden-Auringen                  ,Hessen                
05546,187,52.1206,12.4586,Wiesenburg                          ,Brandenburg           
05562,571,48.6516, 8.6801,Neubulach-Oberhaugstett             ,Baden-Württemberg     
05629,105,51.8891,12.6446,Wittenberg                          ,Sachsen-Anhalt        
05640, 10,53.5503, 7.6672,Wittmundhafen                       ,Niedersachsen         
05643, 68,53.1864,12.4949,Wittstock-Rote Mühle                ,Brandenburg           
05663,118,53.4618,13.6099,Woldegk                             ,Mecklenburg-Vorpommern
05664,296,48.2953, 8.2391,Wolfach                             ,Baden-Württemberg     
05665,677,47.8180, 9.7970,Wolfegg                             ,Baden-Württemberg     
05676, 82,52.3962,10.6892,Wolfsburg (Südwest)                 ,Niedersachsen         
05688,881,47.7004, 8.1057,Dachsberg-Wolpadingen               ,Baden-Württemberg     
05692, 88,49.6051, 8.3659,Worms                               ,Rheinland-Pfalz       
05705,268,49.7704, 9.9576,Würzburg                            ,Bayern                
05715, 49,52.4626, 9.4245,Wunstorf                            ,Niedersachsen         
05717,134,51.2256, 7.1052,Wuppertal-Buchenhofen               ,Nordrhein-Westfalen   
05719,235,51.2051, 7.2000,Remscheid                           ,Nordrhein-Westfalen   
05731,395,47.6783, 8.3801,Wutöschingen-Ofteringen             ,Baden-Württemberg     
05732,  9,54.6928, 8.5271,Wrixum/Föhr                         ,Schleswig-Holstein    
05745, 51,52.9664,13.3268,Zehdenick                           ,Brandenburg           
05750,264,51.0314,12.1495,Zeitz                               ,Sachsen-Anhalt        
05779,877,50.7313,13.7516,Zinnwald-Georgenfeld                ,Sachsen               
05792,956,47.4210,10.9848,Zugspitze                           ,Bayern                
05797,349,50.6879,12.4329,Lichtentanne                        ,Sachsen               
05800,615,49.0280,13.2385,Zwiesel                             ,Bayern                
05802,615,49.0007,13.2137,Zwieselberg                         ,Bayern                
05822, 42,52.8630, 8.6989,Bassum                              ,Niedersachsen         
05825, 40,52.6198,12.7867,Berge                               ,Brandenburg           
05832, 50,53.1007,11.0455,Dannenberg                          ,Niedersachsen         
05839, -0,53.3881, 7.2287,Emden                               ,Niedersachsen         
05856,476,48.5451,13.3532,Fürstenzell                         ,Bayern                
05871,497,49.9463, 7.2645,Hahn                                ,Rheinland-Pfalz       
05906, 98,49.5063, 8.5584,Mannheim                            ,Baden-Württemberg     
05930,  1,54.6410,10.0238,Schönhagen (Ostseebad)              ,Schleswig-Holstein    
05941,686,47.6754,12.4698,Reit im Winkl                       ,Bayern                
06093, 62,53.2139,10.4704,Wendisch Evern                      ,Niedersachsen         
06105, 15,54.3194, 9.8051,Ostenfeld (Rendsburg)               ,Schleswig-Holstein    
06109, 52,53.3837,14.3728,Grambow-Schwennenz                  ,Mecklenburg-Vorpommern
06129,291,51.0594,14.4266,Sohland/Spree                       ,Sachsen               
06157,  4,53.6411, 8.0809,Wangerland-Hooksiel                 ,Niedersachsen         
06158,454,49.2249,10.6085,Weidenbach-Weiherschneidbach        ,Bayern                
06159,  8,52.9542, 7.3197,Dörpen                              ,Niedersachsen         
06163, 27,54.1654,10.3519,Dörnick                             ,Schleswig-Holstein    
06170, 39,52.0192,14.7254,Coschen                             ,Brandenburg           
06182,404,48.7757,12.1743,Mallersdorf-Pfaffenberg             ,Bayern                
06184,  6,53.5333, 8.1667,Wilhelmshaven (Flugplatz)           ,Niedersachsen         
06186,268,50.1989, 7.8651,Nastätten                           ,Rheinland-Pfalz       
06192,115,49.8083, 7.8458,"Münster am Stein, Bad               ",Rheinland-Pfalz       
06197,258,51.8664, 9.2710,Lügde-Paenbruch                     ,Nordrhein-Westfalen   
06199, 17,54.2484,13.0419,Steinhagen-Negast                   ,Mecklenburg-Vorpommern
06217,190,49.2406, 6.9351,Saarbrücken-Burbach                 ,Saarland              
06242, 64,50.4088, 7.4890,Mülheim-Kärlich                     ,Rheinland-Pfalz       
06243, 96,49.2506, 8.4422,Philippsburg KKW                    ,Baden-Württemberg     
06244,145,49.3650, 9.0804,Obrigheim                           ,Baden-Württemberg     
06245,180,49.0423, 9.1733,Neckarwestheim KKW                  ,Baden-Württemberg     
06246,368,47.6213, 8.2167,Waldshut KKW                        ,Baden-Württemberg     
06247,307,47.6078, 8.1813,Dogern (Leibstadt)                  ,Baden-Württemberg     
06254, 19,53.5408, 9.9528,Hamburg-Lotsenhöft                  ,Hamburg               
06255,351,49.4667, 6.3968,Perl/Saar                           ,Saarland              
06256,201,47.9100, 7.5838,Bremgarten (Fessenheim)             ,Baden-Württemberg     
06258,461,47.6845, 9.4409,Friedrichshafen-Unterraderach       ,Baden-Württemberg     
06259,524,49.0210, 9.6033,Großerlach-Mannenweiler             ,Baden-Württemberg     
06260,385,49.3328, 9.7040,Ingelfingen-Stachenhausen           ,Baden-Württemberg     
06262,412,48.7695, 9.8737,Schwäbisch Gmünd-Weiler             ,Baden-Württemberg     
06263,445,47.7738, 8.8219,Singen                              ,Baden-Württemberg     
06264,457,51.4140, 8.6500,Brilon-Thülen                       ,Nordrhein-Westfalen   
06265, 36,52.3613,12.3867,Wusterwitz                          ,Brandenburg           
06266,112,52.0304,10.9626,Huy-Pabstorf                        ,Sachsen-Anhalt        
06272,284,50.8426,10.2518,"Salzungen, Bad-Gräfen-Nitzendorf    ",Thüringen             
06273, 36,52.5075,11.8551,Demker                              ,Sachsen-Anhalt        
06275,327,48.6705, 9.4627,Notzingen                           ,Baden-Württemberg     
06305,193,51.2061,10.4978,Mühlhausen/Thüringen-Görmar         ,Thüringen             
06310,  1,54.1049,13.8239,Karlshagen                          ,Mecklenburg-Vorpommern
06312,362,49.5314,10.6418,Markt Erlbach-Mosbach               ,Bayern                
06314,306,51.0507,13.3003,Nossen                              ,Sachsen               
06336,288,50.0132, 9.6540,Lohr/Main-Halsbach                  ,Bayern                
06337, 59,51.7663, 7.5194,Lüdinghausen-Brochtrup              ,Nordrhein-Westfalen   
06344,168,50.3940, 8.1423,Runkel-Ennerich                     ,Hessen                
06346,531,48.2070,11.2035,Maisach-Galgen                      ,Bayern                
06347,305,50.0579,10.2972,Schonungen-Mainberg                 ,Bayern                
07075,429,48.7020,11.8493,Elsendorf-Horneck                   ,Bayern                
07099,187,52.0111,10.3966,Liebenburg-Othfresen                ,Niedersachsen         
07105,719,47.8350,12.6548,Siegsdorf-Höll                      ,Bayern                
07106,105,52.0714, 8.4565,Bielefeld-Deppendorf                ,Nordrhein-Westfalen   
07135,565,47.9655, 9.6804,Aulendorf-Haslach                   ,Baden-Württemberg     
07187,194,49.7636, 9.4063,Freudenberg/Main-Boxtal             ,Baden-Württemberg     
07244, 62,53.1424,13.0319,Neuglobsow (HM)                     ,Brandenburg           
07298,  4,54.5268, 9.0425,Hattstedt                           ,Schleswig-Holstein    
07319,435,48.7374,10.7393,Donauwörth-Osterweiler              ,Bayern                
07321,160,51.1507,11.3321,Olbersleben                         ,Thüringen             
07329,465,50.5467,12.2863,Treuen                              ,Sachsen               
07330,159,51.4633, 7.9780,Arnsberg-Neheim                     ,Nordrhein-Westfalen   
07331,467,48.6099,10.2674,Hermaringen-Allewind                ,Baden-Württemberg     
07341,119,50.0900, 8.7862,Offenbach-Wetterpark                ,Hessen                
07343,689,50.6200,13.4817,Deutschneudorf-Brüderwiese          ,Sachsen               
07350,585,49.1088,12.8231,Prackenbach-Neuhäusl                ,Bayern                
07351,115,53.3176,13.4175,Feldberg/Mecklenburg                ,Mecklenburg-Vorpommern
07364, 74,51.6818,12.3053,Jeßnitz                             ,Sachsen-Anhalt        
07367,144,51.9643, 9.8072,Alfeld                              ,Niedersachsen         
07368,312,51.0007,10.3621,Eisenach                            ,Thüringen             
07369,475,49.1623,10.3661,Feuchtwangen-Heilbronn              ,Bayern                
07370,499,49.3910,12.6838,Waldmünchen                         ,Bayern                
07373,  3,53.5984, 6.7024,Borkum-Flugplatz                    ,Niedersachsen         
07374, 46,52.0813, 6.9409,Ahaus                               ,Nordrhein-Westfalen   
07389, 83,52.7461,13.8427,Heckelberg                          ,Brandenburg           
07393,116,51.4492,14.2533,Hoyerswerda                         ,Sachsen               
07394,622,50.0315,11.9745,Wunsiedel-Schönbrunn                ,Bayern                
07395,351,48.6595,12.5388,Gottfrieding                        ,Bayern                
07396,740,50.5084, 9.2246,Hoherodskopf/Vogelsberg             ,Hessen                
07403,672,47.7955,10.0325,Leutkirch-Herlazhofen               ,Baden-Württemberg     
07410,350,50.7513, 9.0224,Neu-Ulrichstein                     ,Hessen                
07412,340,50.0083, 9.4238,Neuhütten/Spessart                  ,Bayern                
07419,389,50.6610,12.0756,Langenwetzendorf-Göttendorf         ,Thüringen             
07420,246,51.1044,11.7112,Naumburg/Saale-Kreipitzsch          ,Sachsen-Anhalt        
07424,457,47.7724,12.9073,Piding                              ,Bayern                
07427, 17,54.0188, 9.9255,Padenstedt (Pony-Park)              ,Schleswig-Holstein    
07428,397,50.4167,10.8156,Veilsdorf                           ,Thüringen             
07431,604,48.0130,11.5524,Oberhaching-Laufzorn                ,Bayern                
07432, 71,52.6423,10.6628,Wittingen-Vorhop                    ,Niedersachsen         
13667,274,48.0006, 7.8450,Freiburg-Mitte                      ,Baden-Württemberg     
13670, 24,51.5088, 6.7018,Duisburg-Baerl                      ,Nordrhein-Westfalen   
13674,237,49.2943, 8.9053,Waibstadt                           ,Baden-Württemberg     
13675, 75,52.0818, 9.4077,Hameln-Hastenbeck                   ,Niedersachsen         
13696, 60,51.5966, 7.4048,Waltrop-Abdinghof                   ,Nordrhein-Westfalen   
13700,203,51.3329, 7.3412,Gevelsberg-Oberbröking              ,Nordrhein-Westfalen   
13710,490,48.5734,12.2576,Landshut-Reithof                    ,Bayern                
13711,289,50.6820,11.5150,Krölpa-Rockendorf                   ,Thüringen             
13713,386,51.0899, 7.6289,Meinerzhagen-Redlendorf             ,Nordrhein-Westfalen   
13776, 85,52.1789, 9.9524,Hildesheim-Drispenstedt             ,Niedersachsen         
13777,109,52.2467,10.9592,Helmstedt-Emmerstedt                ,Niedersachsen         
13904,  3,55.0000, 6.3333,Nordseeboje 2                       ,Hamburg               
13965,619,48.2639, 8.8134,Balingen-Bronnhaupten               ,Baden-Württemberg     
14003,728,47.8619,10.6144,Kaufbeuren (Flugplatz)              ,Bayern                
15000,231,50.7983, 6.0244,Aachen-Orsbach                      ,Nordrhein-Westfalen   
15207,317,51.2835, 9.3590,Schauenburg-Elgershausen            ,Hessen                
15444,593,48.4418, 9.9216,Ulm-Mähringen                       ,Baden-Württemberg     
15555,815,47.8761,10.5849,Kaufbeuren-Oberbeuren               ,Bayern                
15813, 40,52.5126, 7.4131,Lingen-Baccum                       ,Niedersachsen         
19171, 13,54.0039, 9.8555,Hasenkrug-Hardebek                  ,Schleswig-Holstein    
19172, 48,54.0246, 9.3880,Wacken                              ,Schleswig-Holstein    
19207, 16,53.8178,12.0645,Gülzow-Prüzen                       ,Mecklenburg-Vorpommern
